Points,Pi_Approximation
1000,3.212
2000,3.174
3000,3.18267
4000,3.159
5000,3.172
6000,3.17
7000,3.17257
8000,3.1715
9000,3.164
10000,3.1612
